Stock,Log_Returns,Volatility,Sector
CHTR,0.004648815239716525,0.0,Communication Services
CHTR,0.001925931722596641,0.001361441758559942,Communication Services
CHTR,0.004483575427825459,0.0012464589918883343,Communication Services
CHTR,0.00045768350206301656,0.0017662121199674644,Communication Services
CHTR,-0.0002384883137242777,0.002012610994076871,Communication Services
CHTR,-0.002942960371624087,0.0026699886825769332,Communication Services
CHTR,-1.160216353185417e-06,0.00251934589648991,Communication Services
CHTR,0.0007341598786878845,0.002361459558977791,Communication Services
CHTR,0.0018635571776074444,0.002238197811214955,Communication Services
CHTR,-0.001861572534338135,0.0023152136568077505,Communication Services
CHTR,0.0008211423145935981,0.001953020072360164,Communication Services
CHTR,0.00014453396504832128,0.0018974926584752257,Communication Services
CHTR,-0.0007797040245857423,0.0013184364824301393,Communication Services
CHTR,-0.0011985042038179516,0.0013318495430586555,Communication Services
CHTR,-0.0034744933145272328,0.001626887225670044,Communication Services
CHTR,-0.0003566606872864586,0.001439721254500173,Communication Services
CHTR,-0.0032066967952497083,0.00165375967837979,Communication Services
CHTR,-7.242812200067283e-05,0.001599077611197606,Communication Services
CHTR,-0.002044405676149663,0.0013565709147952388,Communication Services
CHTR,-0.0006759000762991685,0.0013455888653742306,Communication Services
CHTR,-0.0002103854461681931,0.0012301496318665444,Communication Services
CHTR,-0.002773027175237003,0.0012256122679897615,Communication Services
CHTR,3.508625302023338e-05,0.0012945527305846692,Communication Services
CHTR,-0.0011272331760474597,0.0012958255678645152,Communication Services
CHTR,-0.001583801051134176,0.0011013145387785896,Communication Services
CHTR,-0.0010509472283374288,0.0010672199243350299,Communication Services
CHTR,-0.0014629690985894506,0.0008587993883003493,Communication Services
CHTR,0.0010397846085486162,0.001037635568940714,Communication Services
CHTR,0.0012114101208102468,0.0011580670223259048,Communication Services
CHTR,0.0010332022294375909,0.0012643211810530542,Communication Services
CHTR,0.005675283471379133,0.002245894406271936,Communication Services
CHTR,0.0007376819525546086,0.0020337776849009047,Communication Services
CHTR,0.0008999709883535656,0.002032651904117461,Communication Services
CHTR,-0.0014059056565278727,0.0020570443585153936,Communication Services
CHTR,-0.001426636633184708,0.0020415337658999506,Communication Services
CHTR,-0.002034001560202864,0.0021365161571118957,Communication Services
CHTR,-0.001482709470366772,0.002138269683417548,Communication Services
CHTR,-0.0012682221564986051,0.002183516378978579,Communication Services
CHTR,-0.0023658380423503544,0.0022784965923168866,Communication Services
CHTR,0.00010068989197897782,0.0022464595197582704,Communication Services
CHTR,-0.0017906136842911202,0.0010978293354341603,Communication Services
CHTR,-0.0011889589797127453,0.0009318558491539872,Communication Services
CHTR,-0.00043158628589110015,0.0006853386080790083,Communication Services
CHTR,-0.0017342022790561018,0.0006959984378928483,Communication Services
CHTR,-0.002518755684697699,0.0007783519465037932,Communication Services
CHTR,-0.0032305059567275807,0.0009323647922870172,Communication Services
CHTR,0.0035201281680001806,0.001797298249392118,Communication Services
CHTR,0.0015899873106302587,0.0019657298556447346,Communication Services
CHTR,0.00043913782183219174,0.0019226445324063896,Communication Services
CHTR,0.0008114675910443903,0.001957268529198412,Communication Services
CHTR,0.0010762470970369087,0.0019503521600312192,Communication Services
CHTR,0.005599284163718049,0.0025618806933653316,Communication Services
CHTR,-1.3170225480196862e-05,0.0025495130471236216,Communication Services
CHTR,-7.495230454188095e-05,0.002447134953836046,Communication Services
CHTR,0.0011777102443072396,0.0021963402733430016,Communication Services
CHTR,-0.0010742455703878773,0.0018382970245752557,Communication Services
CHTR,-0.0001155372123901599,0.001719995513552095,Communication Services
CHTR,-0.0010764593354894714,0.0018034680857514774,Communication Services
CHTR,0.0002495780411276849,0.0018068400958586581,Communication Services
CHTR,-0.0018655114214727597,0.0019561159943709445,Communication Services
CHTR,-0.0010778506062257553,0.001986861499530686,Communication Services
CHTR,1.341146964123352e-05,0.0008328029784110119,Communication Services
CHTR,-0.00040564490046465784,0.0008235181615755443,Communication Services
CHTR,-0.00020752219233965974,0.0008188309086335834,Communication Services
CHTR,0.0016133240533478532,0.0009101349285649295,Communication Services
CHTR,-0.002589589512199647,0.001113990633091508,Communication Services
CHTR,-0.0009652503601073059,0.001110302505820354,Communication Services
CHTR,-0.0008771789347665482,0.0011039010688195332,Communication Services
CHTR,-0.0022871828661076843,0.001166632801439586,Communication Services
CHTR,-0.0008882833114024213,0.0011186664424297815,Communication Services
CHTR,-0.00019411283625608844,0.0011255190266666964,Communication Services
CHTR,0.002247330456002894,0.0014230947701484257,Communication Services
CHTR,0.00024443936016271817,0.0014386465934401098,Communication Services
CHTR,-0.0003540726650614612,0.0014374549426162406,Communication Services
CHTR,0.0004584220653101878,0.0013115303943020446,Communication Services
CHTR,-0.000880094518431962,0.0011294787683252244,Communication Services
CHTR,-0.0009874231213132523,0.0011307062730303405,Communication Services
CHTR,-0.00020260908145097734,0.0011173951097007493,Communication Services
CHTR,-0.0013267492623255384,0.0009730749402129305,Communication Services
CHTR,-0.000397254521906254,0.0009485956904069418,Communication Services
CHTR,0.00199017289346734,0.001142475170344535,Communication Services
CHTR,0.0014339039143674293,0.0010060212814200073,Communication Services
CHTR,0.0022798489122480003,0.0012187336056481753,Communication Services
CHTR,-0.0006777345393010337,0.0012372136974793842,Communication Services
CHTR,8.022954501130108e-05,0.0012335649942194877,Communication Services
CHTR,0.00015978022836790617,0.0011868753880930945,Communication Services
CHTR,-0.0005013912326882197,0.0011450263088845663,Communication Services
CHTR,0.001134908108910898,0.001158434107572031,Communication Services
CHTR,-0.0010713663617576419,0.0011219382717550287,Communication Services
CHTR,0.0019825106451528407,0.0011698149384021428,Communication Services
CHTR,-0.0006063632296363364,0.0011381690577051242,Communication Services
CHTR,-0.0015126486180816467,0.0012166200247714786,Communication Services
CHTR,-0.0002607145676141176,0.000983393582450993,Communication Services
CHTR,-0.0010967418870843348,0.001014392904706155,Communication Services
CHTR,-9.645228033097752e-05,0.0010114293004190628,Communication Services
CHTR,-0.0007445918700638154,0.001016810240396854,Communication Services
CHTR,0.00012118352563766921,0.0010202364647572976,Communication Services
CHTR,0.0012752739029444071,0.0010394963372274205,Communication Services
CHTR,-0.0007313534364195573,0.0010157606295846133,Communication Services
CHTR,-0.0007367196409056309,0.0007268091399760653,Communication Services
CHTR,-0.0009583841845630936,0.000742424019688303,Communication Services
CHTR,-0.0012494526127382055,0.0007090559445173027,Communication Services
CHTR,-0.00020773566095694251,0.0007106301484251476,Communication Services
CHTR,-0.0007521641807902713,0.0006859982780693915,Communication Services
CHTR,-0.0006947301539235451,0.000682293741524695,Communication Services
CHTR,0.0005605641179455001,0.0007393239694538276,Communication Services
CHTR,-0.0010004899541409262,0.0007463029996290247,Communication Services
CHTR,0.0006402696764238602,0.0006117260177518221,Communication Services
CHTR,-0.0026866864638323273,0.0008964882844841856,Communication Services
CHTR,-0.001452277439191435,0.0009240153117011215,Communication Services
CHTR,-0.005675032480693176,0.0017390187651115442,Communication Services
CHTR,0.0011920503198662447,0.0018872741864209548,Communication Services
CHTR,-0.0018243701636470877,0.0018810620216353046,Communication Services
CHTR,0.0023800390714608932,0.002163945369754266,Communication Services
CHTR,0.00011731147137930553,0.0021836228951620687,Communication Services
CHTR,0.001001263631829119,0.0022143605709712957,Communication Services
CHTR,-0.003506455195687347,0.0023672243075997597,Communication Services
CHTR,-0.0005077400879545668,0.0023130128311255487,Communication Services
CHTR,-0.004193954568684405,0.002456411304728665,Communication Services
CHTR,0.0009216989575148993,0.0025384386674399033,Communication Services
CHTR,0.0001602983912672995,0.002015764262516842,Communication Services
CHTR,-0.0013594249470444963,0.001955385401514826,Communication Services
CHTR,-0.0007514202329164665,0.0019188055750922557,Communication Services
CHTR,-0.0007384813539181023,0.001647645194752573,Communication Services
CHTR,0.0003654956452562308,0.0016643509576433784,Communication Services
CHTR,-0.0020731731088730054,0.0015734532083744568,Communication Services
CHTR,-0.00032713173578688415,0.0013779489854946194,Communication Services
CHTR,-0.002018358041430912,0.0014144256084909729,Communication Services
CHTR,-8.277569813838759e-05,0.0009469770644972522,Communication Services
CHTR,-0.0034149426366450464,0.0011304529504377197,Communication Services
CHTR,-0.0002950571343636743,0.0010902892618769179,Communication Services
CHTR,-0.0026247239433396796,0.0011858248392937088,Communication Services
CHTR,0.0008416003995677934,0.0013327557647215317,Communication Services
CHTR,-0.0009644308286014258,0.0013294185831935834,Communication Services
CHTR,-0.003587872845350226,0.001430869331026068,Communication Services
CHTR,-0.00027361859050081816,0.0014547311334387229,Communication Services
CHTR,-0.0016312336648165726,0.0014220234889499863,Communication Services
CHTR,-0.003396262927921695,0.0015368856955985406,Communication Services
CHTR,-0.0014608838504272803,0.0014596209872922337,Communication Services
CHTR,-0.0029549126962885586,0.0014106676142902775,Communication Services
CHTR,-0.00190207985925972,0.0013385925689081018,Communication Services
CHTR,-0.0005697494621304811,0.0013531674622534815,Communication Services
CHTR,-0.0007497625190331092,0.0011336169367239868,Communication Services
CHTR,0.00510648524315635,0.0023568703968225055,Communication Services
CHTR,-0.0032231360369947004,0.0023212906468262104,Communication Services
CHTR,0.0009772320363732323,0.002395270853463837,Communication Services
CHTR,-0.0033952207897887665,0.002499394474399993,Communication Services
CHTR,0.000397534684894979,0.0024172591949477374,Communication Services
CHTR,0.00011493372021720294,0.0024189329218208093,Communication Services
CHTR,-0.0018107361224549423,0.0023312482270675884,Communication Services
CHTR,-0.0035512872268196327,0.002477937533749436,Communication Services
CHTR,-0.003290498451215401,0.0025983926145149035,Communication Services
CHTR,-0.0014727850121688535,0.002602081836517682,Communication Services
CHTR,0.0002735537347701156,0.0017193836995396975,Communication Services
CHTR,-0.0016231023383726784,0.001623159867624367,Communication Services
CHTR,-0.0014054064460694016,0.0014290853063887465,Communication Services
CHTR,-0.0008640642796581277,0.0013031111577901063,Communication Services
CHTR,0.005473876417718765,0.0024009006204754055,Communication Services
CHTR,0.015328640419493167,0.005424635322160299,Communication Services
CHTR,-0.003201738009244365,0.005504626667167705,Communication Services
CHTR,0.0031561221867272837,0.005368959382623577,Communication Services
CHTR,-0.00336201568615363,0.005375030287145197,Communication Services
CHTR,0.001170813047602498,0.005300070491061183,Communication Services
CHTR,-0.002326058723853941,0.00541607335403346,Communication Services
CHTR,0.0010237808393450676,0.005333997789125482,Communication Services
CHTR,-0.0004942540308223164,0.00529121034670939,Communication Services
CHTR,0.0004448946731287484,0.005244856823489385,Communication Services
CHTR,-0.0013340562763066444,0.005154660544230157,Communication Services
CHTR,-0.0008926795651320873,0.0019743864515072212,Communication Services
CHTR,-0.0003759667723634563,0.0017708818488401284,Communication Services
CHTR,-0.00020778535931353925,0.001352755654925077,Communication Services
CHTR,0.00157756183520244,0.0011541940465480225,Communication Services
CHTR,-0.0033231695970490083,0.0014037104422388459,Communication Services
CHTR,-0.0007937406722635099,0.0012844925239309957,Communication Services
CHTR,-0.003529205927143314,0.0014781463936001285,Communication Services
CHTR,-0.00045187927379466974,0.0014793432207806851,Communication Services
CHTR,-0.0037208001568804494,0.0016245734686915463,Communication Services
CHTR,0.0003410747852931606,0.0016976771752137557,Communication Services
CHTR,0.0015452399303968467,0.0018805495169219577,Communication Services
CHTR,-0.001345503368326867,0.001876337370092295,Communication Services
CHTR,0.0008104358867982442,0.0019425272951459594,Communication Services
CHTR,-0.001640277181686578,0.0017657625236096562,Communication Services
CHTR,-5.5890091405885745e-05,0.0016426581800303279,Communication Services
CHTR,-0.0003426483207090436,0.001650693026979309,Communication Services
CHTR,0.016184696602423027,0.005205295031094914,Communication Services
CHTR,-0.0028536659220866345,0.005326848054948192,Communication Services
CHTR,0.005574768787819817,0.005251264521730842,Communication Services
CHTR,-0.002684778825670031,0.005412569234430254,Communication Services
CHTR,0.004857729784047804,0.00550460399321869,Communication Services
CHTR,-0.0006703826181898298,0.00546901729722983,Communication Services
CHTR,0.002431094940120171,0.005457796445514781,Communication Services
CHTR,-2.6923356564040324e-05,0.005368552730989992,Communication Services
CHTR,0.001989379448710221,0.0053158371278514945,Communication Services
CHTR,-0.0021484662620782358,0.005436795408784838,Communication Services
CHTR,-0.0009250974797490319,0.0028765173530633853,Communication Services
CHTR,-0.0015607465250107033,0.002746550137323675,Communication Services
CHTR,-0.0008046641990386016,0.002228402916589196,Communication Services
CHTR,0.002726368005979002,0.002155459442948511,Communication Services
CHTR,-0.0011037922900026254,0.00165902647566413,Communication Services
CHTR,-0.0010993192729666923,0.0016809634687177145,Communication Services
CMCSA,0.005385169624165159,0.002253487506920151,Communication Services
CMCSA,0.0015890106848731045,0.0022860272255562203,Communication Services
CMCSA,0.0028212183392751222,0.002356230486543783,Communication Services
CMCSA,0.00400646944804911,0.002390794088777838,Communication Services
CMCSA,0.0005135676843351089,0.0023061853958228538,Communication Services
CMCSA,-0.0011598019185452002,0.002260040418395347,Communication Services
CMCSA,0.0007157136472632497,0.00216325439946188,Communication Services
CMCSA,0.002122415750225509,0.0021347252037093043,Communication Services
CMCSA,0.002641377366368991,0.001989892919101949,Communication Services
CMCSA,0.00018283981180658437,0.0018374038778822244,Communication Services
CMCSA,0.000939851772913447,0.0014282190088240857,Communication Services
CMCSA,0.00022366703898435425,0.0014717838068014169,Communication Services
CMCSA,0.000408682656792031,0.0013986892331525089,Communication Services
CMCSA,0.0005989020999540573,0.000996470670492527,Communication Services
CMCSA,4.964645387428579e-05,0.001015558422466185,Communication Services
CMCSA,0.00010291823263897104,0.0008438996749544544,Communication Services
CMCSA,4.433714790461063e-05,0.0008739929214523023,Communication Services
CMCSA,0.0002808987897406634,0.0007461755435971288,Communication Services
CMCSA,-0.00047109020466398754,0.00035370441413909394,Communication Services
CMCSA,5.303821989863233e-05,0.0003577777607275842,Communication Services
CMCSA,0.0008694683643032108,0.00034403644520147875,Communication Services
CMCSA,0.0002725213724222575,0.0003444565840793495,Communication Services
CMCSA,0.00018246944854644065,0.0003387647180677496,Communication Services
CMCSA,0.00023172197903129077,0.0003122140734459115,Communication Services
CMCSA,-0.00028226333105840773,0.00033885635104622416,Communication Services
CMCSA,-0.0015834693009539047,0.000615930183548196,Communication Services
CMCSA,-0.001390367144146698,0.0007350892192265464,Communication Services
CMCSA,-0.0009791390230610708,0.0007524390461269835,Communication Services
CMCSA,0.001156562186771043,0.0008672158691681753,Communication Services
CMCSA,0.002179380747098447,0.0011153610021150684,Communication Services
CMCSA,0.005994505343841688,0.0021051961437680957,Communication Services
CMCSA,0.0007836584898230359,0.0021033583535630417,Communication Services
CMCSA,0.0007294100752114341,0.002098132674984256,Communication Services
CMCSA,0.0003076980747463709,0.002096618174871365,Communication Services
CMCSA,-0.00022834839295182707,0.0020941748385840445,Communication Services
CMCSA,-0.0005749018744315437,0.0020042748773855296,Communication Services
CMCSA,-7.887310523477242e-05,0.0018968272510425982,Communication Services
CMCSA,3.3956496368281464e-05,0.001817608811375045,Communication Services
CMCSA,-0.0006088216771700794,0.0018813865787812736,Communication Services
CMCSA,0.001105817637100548,0.001832680476243136,Communication Services
CMCSA,0.000258640269691246,0.0005470446290089872,Communication Services
CMCSA,0.000494571204845029,0.0005210204769147472,Communication Services
CMCSA,0.00017870013229745463,0.0004840145255640758,Communication Services
CMCSA,-0.00027227272956084625,0.0004890370169320909,Communication Services
CMCSA,-0.0026861870129974985,0.0009540736630264964,Communication Services
CMCSA,0.0005303224480546209,0.0009698582651235988,Communication Services
CMCSA,0.00021275211440321962,0.0009745608443712342,Communication Services
CMCSA,0.001424238666563632,0.0010742879509960071,Communication Services
CMCSA,-0.00014753134543624147,0.0010541314055310604,Communication Services
CMCSA,0.0019359349092002431,0.0011569599712758566,Communication Services
CMCSA,0.0006490134387315549,0.0011650763557951825,Communication Services
CMCSA,0.004599445580691364,0.0017576985861099165,Communication Services
CMCSA,0.002534012942201541,0.001835845289002303,Communication Services
CMCSA,0.002900974911455967,0.001883236610596424,Communication Services
CMCSA,0.0034662474519491504,0.0014755285817681153,Communication Services
CMCSA,0.002033570856398381,0.0014126801767723885,Communication Services
CMCSA,0.0019144378239685234,0.0012889271885107353,Communication Services
CMCSA,0.0003846716293391672,0.001380416096153745,Communication Services
CMCSA,0.0004894127030936335,0.001290364491244632,Communication Services
CMCSA,-0.0009569491262385044,0.0015836084818260123,Communication Services
CMCSA,0.0004405675188957625,0.0015999287004850146,Communication Services
CMCSA,0.001380148248314006,0.0012952241008156347,Communication Services
CMCSA,0.0014338498790448795,0.0012449642298390975,Communication Services
CMCSA,0.000708988905885638,0.0011409873836996712,Communication Services
CMCSA,0.0020903697931498044,0.000910608883113261,Communication Services
CMCSA,-0.0004513865966889741,0.0009312688099278399,Communication Services
CMCSA,0.0004171905040281365,0.0008475586842500081,Communication Services
CMCSA,-0.0007559050108690013,0.000939743337499316,Communication Services
CMCSA,0.00020789770099405303,0.0009432386937034842,Communication Services
CMCSA,-0.0012313710974421188,0.0009868016648171178,Communication Services
CMCSA,0.0001445229268312309,0.0009902961517907892,Communication Services
CMCSA,0.0012129425786409909,0.0009748021061183767,Communication Services
CMCSA,-0.0006356365844467915,0.0009479216065906724,Communication Services
CMCSA,-0.0006311847159062578,0.0009570462725300524,Communication Services
CMCSA,8.598956239644351e-05,0.0006739931522423409,Communication Services
CMCSA,-0.00021733720611558094,0.0006676301654832623,Communication Services
CMCSA,-0.0009829476332824383,0.0006826823197758189,Communication Services
CMCSA,-0.0009062352113685945,0.0006945419682475105,Communication Services
CMCSA,-0.0007370672416762702,0.0006838473495506864,Communication Services
CMCSA,0.0011997300207880202,0.0007683728471950631,Communication Services
CMCSA,0.001249343877430198,0.0008744188064530376,Communication Services
CMCSA,0.0004876010803825659,0.0007941928263436054,Communication Services
CMCSA,0.0005334655223801221,0.0007940800242512151,Communication Services
CMCSA,5.006463748666312e-05,0.000764999874434959,Communication Services
CMCSA,-0.00030022042107541447,0.0007732383642209971,Communication Services
CMCSA,-0.00042795116842977987,0.0007827069379360603,Communication Services
CMCSA,0.000184388972655547,0.0007084590499329486,Communication Services
CMCSA,0.0009837060048528135,0.0006560842939095016,Communication Services
CMCSA,-4.534986643317529e-05,0.000571796966381082,Communication Services
CMCSA,0.0016835678676013766,0.0006528654400364838,Communication Services
CMCSA,0.00022456214670849017,0.0005956851071979703,Communication Services
CMCSA,-0.00014901392877239572,0.0006100734964857053,Communication Services
CMCSA,0.001519723830862768,0.0007148202625204108,Communication Services
CMCSA,0.0006858283450218716,0.0007115942758052976,Communication Services
CMCSA,0.0004491046964154588,0.0006682649306441102,Communication Services
CMCSA,0.00010756613260701209,0.000609785648888026,Communication Services
CMCSA,-0.0003511879337444179,0.000662087835292561,Communication Services
CMCSA,0.0011039313710113074,0.0006715884259321849,Communication Services
CMCSA,-0.0003712130581740303,0.0007054221632053896,Communication Services
CMCSA,0.00024072080253903505,0.0005836426494828984,Communication Services
CMCSA,-0.0001364201762520667,0.0006009442811918666,Communication Services
CMCSA,-0.00024309577341125044,0.0006087411795829969,Communication Services
CMCSA,0.0009651827167072302,0.0005128545977900384,Communication Services
CMCSA,0.0002069167059963184,0.0004913678265247909,Communication Services
CMCSA,0.0006121928183742686,0.0005020500800774486,Communication Services
CMCSA,0.0015910863767170935,0.0006470782346434649,Communication Services
CMCSA,-0.0022444450653053005,0.0010056274069957939,Communication Services
CMCSA,2.3543983228097032e-05,0.0009565946718596087,Communication Services
CMCSA,-0.0013138192304734952,0.0010378680557875108,Communication Services
CMCSA,0.0003961047287943942,0.0010429527401467627,Communication Services
CMCSA,-0.0004919056805808286,0.0010525245176752707,Communication Services
CMCSA,8.104722162990963e-05,0.0010510635057299515,Communication Services
CMCSA,0.0006448120721188333,0.0010251893051920697,Communication Services
CMCSA,-0.0004693797381104814,0.0010283489248884433,Communication Services
CMCSA,0.0008279889039432275,0.001045546416465335,Communication Services
CMCSA,0.0006848943263586538,0.0009281165050593461,Communication Services
CMCSA,-0.0002193297775355818,0.0006299426382150344,Communication Services
CMCSA,-0.00043964617801783845,0.0006445731797677643,Communication Services
CMCSA,-0.000970542397123797,0.0005813206939438313,Communication Services
CMCSA,0.0015173799636393759,0.0007341170003289307,Communication Services
CMCSA,0.00585010404908895,0.0018404027445035143,Communication Services
CMCSA,0.002311988093726569,0.0018804827045627904,Communication Services
CMCSA,0.0025727742971758116,0.0019349116281316453,Communication Services
CMCSA,0.0008985130987458345,0.0018613730024729708,Communication Services
CMCSA,0.0014262385201759264,0.0018547334847019846,Communication Services
CMCSA,0.0007936905701535768,0.001851037914155033,Communication Services
CMCSA,0.001518627824078994,0.0017732223378893758,Communication Services
CMCSA,0.0007308875403863879,0.0016740161079907873,Communication Services
CMCSA,0.002192632142959422,0.0014267185441143677,Communication Services
CMCSA,-0.0012175952064477913,0.001721187619418121,Communication Services
CMCSA,0.0013972377796974134,0.0010285771053582104,Communication Services
CMCSA,0.0022755685036355833,0.0010249126047283126,Communication Services
CMCSA,0.001622831099633043,0.0009391655184358548,Communication Services
CMCSA,0.0010690243370384267,0.0009357347401893915,Communication Services
CMCSA,-0.0013276816169167094,0.0011929147911942082,Communication Services
CMCSA,0.0023238782556163906,0.001264734630036958,Communication Services
CMCSA,3.898447102471114e-05,0.0012885813216179664,Communication Services
CMCSA,-0.00010791046607558363,0.0013243522182365317,Communication Services
CMCSA,0.0018772659602330766,0.0012948767770661518,Communication Services
CMCSA,0.0007840360728428863,0.0011097452352999298,Communication Services
CMCSA,0.0024803529326224982,0.0011933904846056097,Communication Services
CMCSA,0.004826666234732796,0.0016148848934750362,Communication Services
CMCSA,0.003957871409316638,0.0017949654247492574,Communication Services
CMCSA,0.0035744779868775722,0.001877411725679816,Communication Services
CMCSA,0.001101096413698821,0.001586034384072174,Communication Services
CMCSA,0.0004367470015607944,0.0016571401688652138,Communication Services
CMCSA,0.0015393382956244706,0.0015463457907510323,Communication Services
CMCSA,0.0015529477290152638,0.0013869562321718592,Communication Services
CMCSA,0.002086031010655992,0.0013833108106943832,Communication Services
CMCSA,-0.0001564783170069084,0.0015052886980149215,Communication Services
CMCSA,-0.00032889421242052186,0.0016687965376164546,Communication Services
CMCSA,0.000598427283710623,0.0013726927166493584,Communication Services
CMCSA,0.0021648372112374192,0.0011266448034700674,Communication Services
CMCSA,0.0028027657999945,0.0009824557002482645,Communication Services
CMCSA,0.0011441826682689615,0.0009821960553026777,Communication Services
CMCSA,0.0009665785488215117,0.0009543539139294173,Communication Services
CMCSA,0.002467571462728829,0.001021993098623571,Communication Services
CMCSA,0.011835169775147064,0.003319417908138079,Communication Services
CMCSA,0.0023532123681538064,0.0033181961887819903,Communication Services
CMCSA,0.0032569019458676407,0.003213129901338967,Communication Services
CMCSA,0.0011062735568286852,0.003103658904972968,Communication Services
CMCSA,0.00146156239517381,0.003050849780872624,Communication Services
CMCSA,0.0006291954017343671,0.0031245610147117905,Communication Services
CMCSA,0.0007089352079414912,0.0031870480379846324,Communication Services
CMCSA,0.0014547571646085222,0.0031742661716593463,Communication Services
CMCSA,0.001619716506012836,0.003146085142191852,Communication Services
CMCSA,0.0015654785409023597,0.003164032309378277,Communication Services
CMCSA,0.0023793574070268553,0.0007689896849289213,Communication Services
CMCSA,-0.00015926455999798472,0.0008988276529578692,Communication Services
CMCSA,0.0018705476973988888,0.0006831103314908081,Communication Services
CMCSA,0.002949797683977018,0.0008452717862188747,Communication Services
CMCSA,-0.0003008605355833971,0.0009946149563749222,Communication Services
CMCSA,-0.00036514731519379784,0.0010981942314773816,Communication Services
CMCSA,-0.0006712974664548343,0.0012269488127685019,Communication Services
CMCSA,-0.0011137127314739537,0.0013722808868869521,Communication Services
CMCSA,-0.0010111013227931953,0.0014362796272131806,Communication Services
CMCSA,-0.0008935359913123664,0.001445743215258243,Communication Services
CMCSA,0.0009209444169636094,0.0012906951223969532,Communication Services
CMCSA,0.001375723032679077,0.0013384347743840071,Communication Services
CMCSA,0.0006042612263824909,0.0012377093831884322,Communication Services
CMCSA,0.001606899022628755,0.0009706323377850364,Communication Services
CMCSA,-0.00040644037303738667,0.000974579223172373,Communication Services
CMCSA,0.0020154923136401215,0.0011330487559275822,Communication Services
CMCSA,-0.0018758112949911476,0.0012785016282815585,Communication Services
CMCSA,0.0013962713316087172,0.0012574211319223956,Communication Services
CMCSA,0.001285486677350789,0.0011916082245466528,Communication Services
CMCSA,0.001055378482474556,0.0010855771630040518,Communication Services
CMCSA,0.0010376701231346042,0.0010874641891085936,Communication Services
CMCSA,0.0010257904599376422,0.0010742302604460985,Communication Services
CMCSA,0.0013027083463280353,0.0010835564954087022,Communication Services
CMCSA,0.0009575734017158166,0.0010549936401228392,Communication Services
CMCSA,0.0017706414909642865,0.001011555117006972,Communication Services
CMCSA,0.002052579199106924,0.0010153428950670834,Communication Services
CMCSA,0.00028300396845307163,0.00045644033237369553,Communication Services
CMCSA,-0.0007345668281558138,0.0007351578820684164,Communication Services
CMCSA,-0.000614209922463943,0.0008707259069817213,Communication Services
CMCSA,-0.0010723384674097003,0.0010308960758946507,Communication Services
CMCSA,0.00188181646259164,0.0010957286506098898,Communication Services
CMCSA,0.0001089163265833859,0.0011017454778360736,Communication Services
CMCSA,-0.00014283658767302865,0.001094029753142179,Communication Services
DIS,0.00182944061784579,0.0011636092208283189,Communication Services
DIS,0.0025853662845961023,0.0012707734058655248,Communication Services
DIS,0.0008304081299265742,0.0011826110316644773,Communication Services
DIS,0.002477554244282726,0.001318615482298773,Communication Services
DIS,0.00026582853672221796,0.0012404833658959007,Communication Services
DIS,-0.001117379376688682,0.0013059140646188192,Communication Services
DIS,-8.644684346215126e-05,0.0011961062647164462,Communication Services
DIS,0.0007823666582596478,0.0011469491858990435,Communication Services
DIS,0.001953195160418836,0.0011764023792507688,Communication Services
DIS,-0.0011741685584501227,0.0013048138941889823,Communication Services
DIS,0.0014562676781683936,0.0012809466160355117,Communication Services
DIS,2.5837264275269112e-05,0.001146782151319864,Communication Services
DIS,0.0003687460159482736,0.0011435039983229763,Communication Services
DIS,-0.0010538797395473476,0.001014824631471606,Communication Services
DIS,-0.0008133800323176787,0.0010526023884787148,Communication Services
DIS,-0.001222908301770409,0.0010645549634558625,Communication Services
DIS,-0.00017786868478253393,0.0010658522154634118,Communication Services
DIS,-0.0008191470660496303,0.0010587265560266848,Communication Services
DIS,-0.0016785583476970067,0.0008851060509631542,Communication Services
DIS,-0.0014447556193694089,0.0009088479371978121,Communication Services
DIS,-0.000159948007907168,0.0006458505379064983,Communication Services
DIS,-0.00041709443995499584,0.0006088468113140958,Communication Services
DIS,-0.0011752155906135653,0.0004922249508878966,Communication Services
DIS,-0.00015857360486976058,0.0005349824159413842,Communication Services
DIS,-0.002766178817183218,0.0007949878315739121,Communication Services
DIS,-0.001151571088689074,0.0007932920144351889,Communication Services
DIS,-0.001092708764086403,0.0007450819810035749,Communication Services
DIS,0.00035312616778132577,0.0008610924624987356,Communication Services
DIS,-0.001283685544926666,0.0008363540227305699,Communication Services
DIS,-0.00035529417941398966,0.000833112336134424,Communication Services
DIS,0.0018552977481323674,0.0011514803011798017,Communication Services
DIS,0.0001028914179110052,0.0011710076461474833,Communication Services
DIS,-5.091177976340733e-05,0.0011611646741605266,Communication Services
DIS,-0.0008032207564466487,0.001160826190240373,Communication Services
DIS,-0.0017176358470282482,0.0009875534658360151,Communication Services
DIS,-0.0002998007874164266,0.0009565422115370819,Communication Services
DIS,0.0018838063932140048,0.0011215249933005786,Communication Services
DIS,-6.019257757908236e-05,0.0011141790938270738,Communication Services
DIS,0.00021464987210984,0.0010395218506962913,Communication Services
DIS,-0.0004889813498181184,0.0010458353221213577,Communication Services
DIS,0.004624485057891842,0.0016662059043353796,Communication Services
DIS,0.011396606662598618,0.003703895988947517,Communication Services
DIS,-0.0009507694384994492,0.0037503895469029125,Communication Services
DIS,0.001833142399459281,0.0036796551024020447,Communication Services
DIS,-0.0005628002558851763,0.003589369124934134,Communication Services
DIS,0.0011922901528583219,0.00353122541647463,Communication Services
DIS,0.002391399104734293,0.0035341565706522807,Communication Services
DIS,0.0030719291474869403,0.003479700954909906,Communication Services
DIS,0.0012670368214518224,0.0034314615873229557,Communication Services
DIS,0.0031765388689507235,0.0032989076265306965,Communication Services
DIS,0.0004116057363592607,0.003300860490953882,Communication Services
DIS,0.0042378671707710425,0.001586319579580805,Communication Services
DIS,0.0055709624531080915,0.0017344713678537687,Communication Services
DIS,0.00476892201117024,0.001879904240860486,Communication Services
DIS,0.0036537815894244485,0.0015833362008298275,Communication Services
DIS,0.0006319519802099327,0.0016537562628607953,Communication Services
DIS,0.00011908957398257258,0.0018544610100448785,Communication Services
DIS,0.0016095888059862729,0.001876183988345403,Communication Services
DIS,-0.0019238397796496332,0.0022916836381829445,Communication Services
DIS,-0.0008370463551873875,0.0024368657391291727,Communication Services
DIS,0.0002774727330190907,0.0024449603987956843,Communication Services
DIS,-0.00023762504934049522,0.0023681505879986336,Communication Services
DIS,0.0016018166998539862,0.0019198602019019056,Communication Services
DIS,-0.0010358238981496015,0.0015178597301355023,Communication Services
DIS,0.0010693705053154146,0.0011026937345280244,Communication Services
DIS,-0.0019069769903369282,0.0012409399974672212,Communication Services
DIS,-0.00020205464876169033,0.001238324173737317,Communication Services
DIS,-0.0013726706925037968,0.0011310650952935637,Communication Services
DIS,-0.00037991085101862776,0.0010202070791639419,Communication Services
DIS,-0.0022150693176395675,0.0011658018395821535,Communication Services
DIS,0.0021108416880707415,0.001387349302741022,Communication Services
DIS,-0.0007392702098898141,0.0013947980365254782,Communication Services
DIS,0.0015215908308596204,0.0013839848008184855,Communication Services
DIS,0.0016827851791705317,0.0014794120428224503,Communication Services
DIS,0.0021031108010066135,0.001585826080085957,Communication Services
DIS,-0.0001268749130521052,0.0014490219165179772,Communication Services
DIS,-0.0004969662885457027,0.0014606375785829794,Communication Services
DIS,0.002457297060262681,0.001497423714499724,Communication Services
DIS,0.0007625413918587454,0.0014620976445141598,Communication Services
DIS,0.003373477058753349,0.0012975713260177228,Communication Services
DIS,0.002799311354302031,0.0013575116808281446,Communication Services
DIS,0.000671829511665667,0.0011987545956749289,Communication Services
DIS,-0.0002213219453672255,0.0013015770101805922,Communication Services
DIS,-0.0018929648402687682,0.001603578478140223,Communication Services
DIS,-0.00022316509822861708,0.0015870509269034839,Communication Services
DIS,0.004392432967434939,0.0018974189267531865,Communication Services
DIS,0.0008467895394563552,0.0018212068037723925,Communication Services
DIS,-9.746600455023957e-06,0.0018143524342645067,Communication Services
DIS,0.0009303513815594744,0.0018123918529727781,Communication Services
DIS,-0.0005509048070944655,0.0016912416935920055,Communication Services
DIS,0.0013735743507271025,0.0015611826489063073,Communication Services
DIS,0.0016339738150993321,0.0015961120232440172,Communication Services
DIS,0.0007763810688941053,0.0015708933683846306,Communication Services
DIS,0.0015150669637677694,0.0013140716814431896,Communication Services
DIS,0.0006970678512810968,0.0012511102844769517,Communication Services
DIS,1.5467906066490844e-05,0.0006784307719719204,Communication Services
DIS,-0.001338680290990213,0.0009142971209598059,Communication Services
DIS,0.0016257545661676198,0.0009531772627861649,Communication Services
DIS,0.0011779113745903347,0.0009628404914591615,Communication Services
DIS,-0.0008466606092837337,0.0010042343892283474,Communication Services
DIS,-0.0003841730237870433,0.0010182094412641532,Communication Services
DIS,0.00062353422636513,0.0009470440770138433,Communication Services
DIS,0.0032854482520535133,0.0012881361638995938,Communication Services
DIS,0.0009416371216220132,0.0012602361810565698,Communication Services
DIS,-0.00041570167157364835,0.0012936477264657922,Communication Services
DIS,-0.0019735188845109164,0.0014865285691572352,Communication Services
DIS,-0.0009203807255934449,0.0014460186930910866,Communication Services
DIS,-0.0013469495099085738,0.001450810463768261,Communication Services
DIS,-0.0013637708391465164,0.0014472954363456308,Communication Services
DIS,1.9518388704786727e-05,0.0014342600771956604,Communication Services
DIS,0.000677596325238311,0.0014524344638822536,Communication Services
DIS,-0.0006510701196548174,0.0014438774911514497,Communication Services
DIS,-0.0014242899174401191,0.000906549901070344,Communication Services
DIS,0.0031262703829980365,0.0013946023001922842,Communication Services
DIS,-0.0009347255544679689,0.001402841272893031,Communication Services
DIS,0.0011545031040453013,0.0013833566420012832,Communication Services
DIS,-0.0030174469092060507,0.0016204093035015296,Communication Services
DIS,0.008281292998736672,0.0030165151918875844,Communication Services
DIS,0.003549544116401737,0.0030586405275389197,Communication Services
DIS,0.008763076177019963,0.0037927004247953144,Communication Services
DIS,-8.084475321451512e-05,0.003824883207504474,Communication Services
DIS,0.004539926112779896,0.0037987700604584255,Communication Services
DIS,0.0020446800267978626,0.0035865560694679157,Communication Services
DIS,0.0034864311285855154,0.0035920319422823688,Communication Services
DIS,0.0015184604078314345,0.003409165199695178,Communication Services
DIS,-0.0011276943299689535,0.0035978411011851168,Communication Services
DIS,0.002193573476595545,0.003054481445325003,Communication Services
DIS,-0.00046632996889811595,0.0027443239429418478,Communication Services
DIS,-0.0013206707655406547,0.002930410860366161,Communication Services
DIS,-0.002618244132589792,0.0021791208417247434,Communication Services
DIS,0.0015490062681952077,0.0021667942984921556,Communication Services
DIS,-0.0005791633173571897,0.00184625300758719,Communication Services
DIS,0.00024880736989291163,0.0017699188921499256,Communication Services
DIS,-0.0009928739640693574,0.0014399350368064687,Communication Services
DIS,-0.0008402534848228616,0.0013351250623937167,Communication Services
DIS,1.8342155956529993e-05,0.0013164019494541106,Communication Services
DIS,-0.0009232325750026804,0.0010318919103619055,Communication Services
DIS,-0.0002157106801351505,0.0010376781789859359,Communication Services
DIS,-0.0009915834749198993,0.0010183046945125953,Communication Services
DIS,-0.0005136175359666817,0.000747322288457223,Communication Services
DIS,0.0008757923416472524,0.0005891430992656636,Communication Services
DIS,0.0029568669676718895,0.0011574032608809015,Communication Services
DIS,0.002815945242499368,0.001442159691211173,Communication Services
DIS,0.0016388932453738347,0.0014371240474353529,Communication Services
DIS,-0.0012616793741468402,0.0014807997952838484,Communication Services
DIS,-0.001389595263658644,0.001577944220948912,Communication Services
DIS,-0.0006467210934633649,0.001558584445449316,Communication Services
DIS,-0.0009205187783881963,0.0015969893176690532,Communication Services
DIS,0.0004706700192540769,0.0015420260322119245,Communication Services
DIS,-0.00025816992772095815,0.0015286948023981095,Communication Services
DIS,-0.0018010627856587802,0.001655944435386509,Communication Services
DIS,-0.002214153361979776,0.0015022150483218074,Communication Services
DIS,-0.0014364602667403525,0.0010889869915516692,Communication Services
DIS,0.0005201368652407445,0.000869992554313842,Communication Services
DIS,-0.0010938796309378218,0.0008643342192804181,Communication Services
DIS,-0.002766252849399159,0.001028970743503192,Communication Services
DIS,-0.002137559208727463,0.0010719667806189993,Communication Services
DIS,0.00021704983816311918,0.0011493089846596372,Communication Services
DIS,0.004664607535110277,0.002044363834838158,Communication Services
DIS,0.0012978050433617994,0.0021244314816665395,Communication Services
DIS,0.0004512160861524783,0.0020910319170781865,Communication Services
DIS,0.001208647629827836,0.0020204114511053915,Communication Services
DIS,-0.0004828434645654245,0.001967814195979921,Communication Services
DIS,-0.0006614996856047217,0.001979757107426872,Communication Services
DIS,0.0009490813527268938,0.0019543870668775544,Communication Services
DIS,0.00054849045169586,0.0016712144126242495,Communication Services
DIS,0.0037886825777266042,0.0016439533052990862,Communication Services
DIS,0.0007183943523032532,0.001620750577848318,Communication Services
DIS,0.00039305350392657146,0.0011620515978606062,Communication Services
DIS,0.0003843989861231911,0.0011568782676990132,Communication Services
DIS,0.000611653236324311,0.0011540130437441552,Communication Services
DIS,0.000855158500990244,0.001144670306907694,Communication Services
DIS,-4.4658081178067244e-05,0.0011058812447879447,Communication Services
DIS,0.00011622983617770588,0.001028198901839704,Communication Services
DIS,0.0001470012616981431,0.0010470525084665862,Communication Services
DIS,-0.00036526962780161765,0.001099376074583989,Communication Services
DIS,-0.0003887254183630451,0.0004069710728062474,Communication Services
DIS,-0.0003282467427906388,0.00040576512488618244,Communication Services
DIS,-0.0016435113696459669,0.0006588373641662656,Communication Services
DIS,-2.973044658396984e-05,0.0006420519041171938,Communication Services
DIS,-0.0023923929831244917,0.0008903019897474949,Communication Services
DIS,0.0006916412658397875,0.0008681898140470757,Communication Services
DIS,-0.0018614060168577196,0.0009555398156082841,Communication Services
DIS,-0.0019498861868022244,0.0009995200755781967,Communication Services
DIS,-0.001877996339805954,0.0009897875492209105,Communication Services
DIS,0.0009788359651199396,0.0011475260764495817,Communication Services
DIS,0.0006589209256868123,0.0012322998314436083,Communication Services
DIS,-0.0009939877339479042,0.0012243027635464906,Communication Services
DIS,0.0011433769424733509,0.001323311284711277,Communication Services
DIS,0.0012918682272495263,0.001431562737588702,Communication Services
DIS,-2.5893239837759818e-05,0.0012748027784914644,Communication Services
DIS,0.0010553845343148072,0.001304412544445938,Communication Services
DIS,0.0010212171946630544,0.0012113373481859654,Communication Services
DIS,-0.0007321747063056827,0.0010460435015827556,Communication Services
DIS,-0.0024463478871205036,0.001168499622839282,Communication Services
DIS,0.0007584546944688353,0.001155516861370549,Communication Services
DIS,-0.0010961951001173809,0.0012007986288252394,Communication Services
DIS,-8.668101466324796e-06,0.0011549432708860986,Communication Services
DIS,-0.0016885238371903977,0.0012093419454266242,Communication Services
DIS,-0.0005874485870213109,0.001106565587161229,Communication Services
GOOG,0.0013920841492112423,0.0012265632544198337,Communication Services
GOOG,0.0019766488261464543,0.001348433284064746,Communication Services
GOOG,0.0011491567973160033,0.0013599583269350204,Communication Services
GOOG,0.0012800433989478,0.001403878069583273,Communication Services
GOOG,0.000647170060184471,0.0011284857449148128,Communication Services
GOOG,-0.00024368515125608448,0.0011351071198081551,Communication Services
GOOG,0.0003340632373866059,0.0010384238093253421,Communication Services
GOOG,-0.00013817484060546503,0.0010445421262306092,Communication Services
GOOG,-0.0005665105878110421,0.0008561410150392006,Communication Services
GOOG,-0.00073926087135609,0.0008768170492863063,Communication Services
GOOG,0.000601031494337767,0.0008279118302279463,Communication Services
GOOG,0.0003102801506228159,0.0006480025107950896,Communication Services
GOOG,0.0004261356063222088,0.0005821280605683988,Communication Services
GOOG,-9.70557537014749e-05,0.00045785937460243595,Communication Services
GOOG,-0.0004683388060345295,0.00043492103633476756,Communication Services
GOOG,-0.0013592831343252343,0.0005852886356393772,Communication Services
GOOG,0.0006501180010775043,0.0006191906119313286,Communication Services
GOOG,-0.0005324281219797056,0.0006303900859333594,Communication Services
GOOG,-0.001652612926467123,0.0007668452194595485,Communication Services
GOOG,0.0004085290459876767,0.0007762746674236397,Communication Services
GOOG,0.0002121215147293798,0.0007457456701792625,Communication Services
GOOG,0.0004666402483275711,0.000758033709340822,Communication Services
GOOG,-3.719153920886398e-05,0.0007324023769188899,Communication Services
GOOG,0.00023678323497658416,0.0007456883503224891,Communication Services
GOOG,-0.0006596174868496729,0.0007545329946465816,Communication Services
GOOG,0.000278979751213132,0.0006631559430981723,Communication Services
GOOG,-0.0009134967409420436,0.0006609455119864823,Communication Services
GOOG,0.00019862346990570656,0.0006626879728299487,Communication Services
GOOG,-0.0005214961618494052,0.0004620613246376767,Communication Services
GOOG,0.0017978093060384281,0.0007140690560691571,Communication Services
GOOG,0.0013561742022141499,0.000807460679019685,Communication Services
GOOG,0.0016609637812560474,0.0009160821727618451,Communication Services
GOOG,-2.9308928428423142e-05,0.0009157608190721598,Communication Services
GOOG,-0.00019646892307553787,0.000929786126028893,Communication Services
GOOG,-0.0010574134704803284,0.0009771739404217657,Communication Services
GOOG,0.0003048096994728855,0.0009772616068118127,Communication Services
GOOG,0.003252441701531883,0.0012406589945289375,Communication Services
GOOG,0.0013346341700146147,0.001243696594140097,Communication Services
GOOG,2.709924426969046e-06,0.001197493696739729,Communication Services
GOOG,0.0015286336729793126,0.001178596720186474,Communication Services
GOOG,0.0018037998110606024,0.0012064443025659474,Communication Services
GOOG,0.0012446088166234714,0.0011850959534904467,Communication Services
GOOG,0.000983709619167078,0.001151074259234254,Communication Services
GOOG,0.0008810511705573676,0.0010903354064026223,Communication Services
GOOG,0.0006078619445582523,0.0008624907778647927,Communication Services
GOOG,0.0009162643071507492,0.0008177696769651057,Communication Services
GOOG,0.0008518646203257707,0.0004781928609436707,Communication Services
GOOG,0.0019452403679616759,0.0005488127005954762,Communication Services
GOOG,0.00020206226914779024,0.0005118169802346261,Communication Services
GOOG,0.00042296463494917447,0.0005257611195660026,Communication Services
GOOG,0.0006141822135566355,0.0004573887060702945,Communication Services
GOOG,0.000774328664816526,0.0004399897301334609,Communication Services
GOOG,0.00040147256998177006,0.00045280451037971105,Communication Services
GOOG,-0.00035119687096016317,0.0005588239988965499,Communication Services
GOOG,0.0001614487744455717,0.0005770231641620897,Communication Services
GOOG,-0.00014414674707838304,0.0006047996587592041,Communication Services
GOOG,0.000590619747487614,0.0005940573842184219,Communication Services
GOOG,-0.0002442297898993251,0.000367028332850945,Communication Services
GOOG,-0.0019295669820958983,0.0007490007713230843,Communication Services
GOOG,0.0007089700524653408,0.0007686778686370145,Communication Services
GOOG,0.0003978206064662315,0.0007556584039987457,Communication Services
GOOG,0.00035963192291463275,0.0007247803203822049,Communication Services
GOOG,0.001500601993406292,0.0008505111999566648,Communication Services
GOOG,0.0006574786236800412,0.0008502397880801291,Communication Services
GOOG,-2.4036561728918437e-05,0.0008530250646783577,Communication Services
GOOG,0.0005751316736924417,0.0008523683108830112,Communication Services
GOOG,0.0029262819859390277,0.0011714553358500993,Communication Services
GOOG,-0.0006353912786214999,0.0012015566774892254,Communication Services
GOOG,0.0019115905724015891,0.0009699215774382071,Communication Services
GOOG,-0.00029474151756009315,0.001028241415380732,Communication Services
GOOG,0.0009765618669846376,0.0010237749545064033,Communication Services
GOOG,0.0030780452496809996,0.0012150405038737408,Communication Services
GOOG,0.004893902163944419,0.001675348375902894,Communication Services
GOOG,-0.00044961327832560016,0.0017558314497163876,Communication Services
GOOG,0.0017617245813830729,0.0017025204784688565,Communication Services
GOOG,-0.0006597283494313988,0.0018049644511894517,Communication Services
GOOG,0.0019100317985654425,0.0017408737870977912,Communication Services
GOOG,-0.0002452800082090034,0.0017021443288861096,Communication Services
GOOG,0.0011241116879645296,0.0016896546301112551,Communication Services
GOOG,0.002710737061760421,0.0016624379441467362,Communication Services
GOOG,0.0033039976114540015,0.0017328861842302434,Communication Services
GOOG,0.0020260110541480414,0.0016797494237047181,Communication Services
GOOG,0.0015254132544515464,0.0012841308500228432,Communication Services
GOOG,0.0008970271488675241,0.0011579215156881423,Communication Services
GOOG,0.0008751989876435717,0.0011634678840331553,Communication Services
GOOG,-0.00046854321161698964,0.0011314704282165858,Communication Services
GOOG,-0.0008982738467508689,0.0012978379544403087,Communication Services
GOOG,-0.0001063647136261836,0.0012841961566907218,Communication Services
GOOG,0.002109622645720538,0.0013196718170522064,Communication Services
GOOG,0.0024816993214714367,0.0012949658196213514,Communication Services
GOOG,-0.00022566091514400477,0.0011379702444025937,Communication Services
GOOG,0.0033105155666525166,0.001323964839837218,Communication Services
GOOG,0.0007830550391356439,0.0013103657417734755,Communication Services
GOOG,0.002089329460921996,0.0013601677334822008,Communication Services
GOOG,0.0004089668015322956,0.0013714212314855042,Communication Services
GOOG,-0.0003361220900191253,0.0013582513822440285,Communication Services
GOOG,-0.0020573788457019793,0.0015482052883277776,Communication Services
GOOG,-0.00018236125621073906,0.0015530393232066717,Communication Services
GOOG,-0.00029007292277899444,0.001523147442840143,Communication Services
GOOG,0.0011527060393730915,0.0014065226032370368,Communication Services
GOOG,0.00018643663895259732,0.0013916326953747292,Communication Services
GOOG,0.0006497200674263348,0.0010400231064146247,Communication Services
GOOG,-6.662567146262233e-05,0.0010268457800439164,Communication Services
GOOG,-0.000262911139274985,0.0008016234438730383,Communication Services
GOOG,-4.678265997010156e-06,0.0007858543826829984,Communication Services
GOOG,-0.002884645822317733,0.0011452937739650536,Communication Services
GOOG,-0.00014782719302136593,0.0009988641263655703,Communication Services
GOOG,-0.00010462174041789285,0.0009991570858923057,Communication Services
GOOG,0.0019815416835732014,0.0011880566965785824,Communication Services
GOOG,0.0029519246460492365,0.0014490203666309859,Communication Services
GOOG,0.002060424823924545,0.0015490192553459306,Communication Services
GOOG,0.0010252721823397204,0.0015587227513251393,Communication Services
GOOG,-0.0007083176579149586,0.0015917263724834194,Communication Services
GOOG,-0.0008162776534125504,0.0016228001027686371,Communication Services
GOOG,0.001059056981847828,0.0016318679795767716,Communication Services
GOOG,0.0018747325507531554,0.0012391212887655962,Communication Services
GOOG,0.0008839918994657248,0.0011880136310795865,Communication Services
GOOG,0.00034174359807387367,0.001152753550659002,Communication Services
GOOG,-0.00029238719672600166,0.0011736969386289655,Communication Services
GOOG,0.00035683217614798646,0.0009415479180489149,Communication Services
GOOG,-0.0002486956836074139,0.0008258393123406584,Communication Services
GOOG,-0.00023651408092717485,0.0008088777780157577,Communication Services
GOOG,0.0012652610938066744,0.000798657451386227,Communication Services
GOOG,0.00013257174890288215,0.0006960649517303591,Communication Services
GOOG,-0.0008391635091533622,0.0007757197317290465,Communication Services
GOOG,-0.0007642506489318746,0.0006402848492723167,Communication Services
GOOG,0.0017999254152165356,0.0007977620645293667,Communication Services
GOOG,-0.00016268794212870308,0.0008000844962876021,Communication Services
GOOG,0.0014396406441216647,0.0008796736030463483,Communication Services
GOOG,-0.001579548226029015,0.0010389037477612456,Communication Services
GOOG,-0.002827271838732659,0.0013592595531676886,Communication Services
GOOG,0.0013904936036753246,0.0014375432916874816,Communication Services
GOOG,0.0029964692923617475,0.0016671459703239769,Communication Services
GOOG,0.00258647036565704,0.0018189388236181808,Communication Services
GOOG,0.0015191684377438286,0.0017951969314147723,Communication Services
GOOG,0.0029488826851441774,0.0018495617081149543,Communication Services
GOOG,0.0012090554615857285,0.0018327814196479983,Communication Services
GOOG,0.001457402751502579,0.0017983629436960215,Communication Services
GOOG,0.003204204804981181,0.0019050556177578233,Communication Services
GOOG,-0.0006631729705859069,0.0017829188419562104,Communication Services
GOOG,0.0026669208547556444,0.0011269676991899453,Communication Services
GOOG,0.00046702178661001126,0.0012028073745011152,Communication Services
GOOG,0.001553678235353989,0.0011402483877139664,Communication Services
GOOG,0.0005934236232212065,0.0011411855634561395,Communication Services
GOOG,0.0013975460779632742,0.0011415182455421986,Communication Services
GOOG,0.0016578819297002056,0.0010366785386155682,Communication Services
GOOG,-0.0002039134502405393,0.001138181927564163,Communication Services
GOOG,-0.0005340509486207179,0.001247030163605026,Communication Services
GOOG,0.0013597602735370418,0.0010263054172891999,Communication Services
GOOG,-0.00018401939430570668,0.0009648424276922387,Communication Services
GOOG,-0.0007337253602001381,0.0008686932148634764,Communication Services
GOOG,0.0005187554646470527,0.0008684129210194427,Communication Services
GOOG,-0.0013363570230042754,0.0009598956398901609,Communication Services
GOOG,0.001995264130371849,0.0010925012807980598,Communication Services
GOOG,-0.0002570792784438447,0.001052504897446536,Communication Services
GOOG,0.000341299876911505,0.000941980036150686,Communication Services
GOOG,0.007797974277760605,0.0024837714419014656,Communication Services
GOOG,0.004092924973725681,0.0026022751632185405,Communication Services
GOOG,0.006263445951847302,0.0029893583078235476,Communication Services
GOOG,0.0005569931106404191,0.002946906473290564,Communication Services
GOOG,0.0059455956030632084,0.0030247585851449284,Communication Services
GOOG,0.0019512321479666084,0.0029563326178728947,Communication Services
GOOG,0.002501714496259938,0.0026344530205866332,Communication Services
GOOG,0.0012936376742631872,0.002672513338751904,Communication Services
GOOG,0.0020721344193205538,0.0024679123024980063,Communication Services
GOOG,0.0012296361733059036,0.002374700374556352,Communication Services
GOOG,0.00109364368011583,0.0019359531841958153,Communication Services
GOOG,0.0015304722113045344,0.0019039584356860362,Communication Services
GOOG,0.0004622228618323676,0.0014907279274858024,Communication Services
GOOG,0.004633007019352486,0.001628577811368086,Communication Services
GOOG,0.0019983371799532357,0.0010741911560547728,Communication Services
GOOG,0.0014888799926549845,0.0010799189688938048,Communication Services
GOOG,-0.00026103536883415046,0.001217466065208596,Communication Services
GOOG,0.0011666768053128773,0.001220773475002428,Communication Services
GOOG,0.00033615999156735854,0.0012558835064049667,Communication Services
GOOG,0.0006302964689175461,0.001275199407518005,Communication Services
GOOG,-0.0009791752866854242,0.0014497015015593002,Communication Services
GOOG,-0.0006007929350386743,0.0015255161658952934,Communication Services
GOOG,-9.817645042248246e-05,0.001550201308400906,Communication Services
GOOG,-0.0012915945279355079,0.0010284089982620383,Communication Services
GOOG,0.0004941239820994148,0.00085555118371362,Communication Services
GOOG,-2.5987461061138806e-06,0.0007172566094390967,Communication Services
GOOG,0.0009136974006642429,0.0007691345192682387,Communication Services
GOOG,0.0015490347298504348,0.0008304185772757354,Communication Services
GOOG,0.0005203229426743727,0.0008375717343361889,Communication Services
GOOG,0.00405549684035561,0.0014530736593776586,Communication Services
GOOG,0.0011943744965229597,0.0013830083374070062,Communication Services
GOOG,0.00032827769998117207,0.001324249448405099,Communication Services
GOOG,0.0014330976405994567,0.0013038097365835198,Communication Services
GOOG,0.001872928577078159,0.0010962823753229835,Communication Services
GOOG,0.0028883923309338533,0.001167292365437536,Communication Services
GOOG,0.00405923039861511,0.0012832911298454556,Communication Services
GOOG,0.003891273304971521,0.0013669089137732424,Communication Services
GOOG,0.00037500043559807184,0.0014630342667458823,Communication Services
GOOG,0.0014423761069637109,0.001390220705970812,Communication Services
GOOG,0.0007709008897954228,0.0012863065793661862,Communication Services
GOOG,0.0009533725677567939,0.001300090992437381,Communication Services
GOOG,-0.0001340060117143438,0.0013585573586104374,Communication Services
GOOG,-0.0003079057321480061,0.0014935368823501664,Communication Services
GOOG,-0.0020030633016668575,0.0018320942081086367,Communication Services
META,0.0019106366623282134,0.001763854526191625,Communication Services
META,0.00251819348429444,0.001552919025438178,Communication Services
META,0.0005182658950739494,0.0012023735430077484,Communication Services
META,0.0017026181810738672,0.0012423479504717408,Communication Services
META,0.0013664771775926121,0.001238241308521993,Communication Services
META,0.000962448862594889,0.0012402128322634262,Communication Services
META,0.0007291545964797086,0.0012383353415159593,Communication Services
META,0.001302353670559503,0.0012132680835977249,Communication Services
META,0.0005550587427540499,0.001155750464118117,Communication Services
META,0.00047626872408354504,0.0006493000827266065,Communication Services
META,0.0016427741263146944,0.0006246596973309347,Communication Services
META,0.001322106980784804,0.00044520282548636574,Communication Services
META,0.001346404251390626,0.0004130070165253151,Communication Services
META,0.00032159201087503253,0.00043241667832997983,Communication Services
META,0.0006906410020148523,0.00042295321918487376,Communication Services
META,-0.0005540221698067394,0.0006144099890284842,Communication Services
META,0.0033882061076435377,0.0009925170145042349,Communication Services
META,0.00037381784096876536,0.0010078006818591953,Communication Services
META,0.0003935509142067861,0.0010153669647239088,Communication Services
META,0.0012798390722986441,0.0010072416182829549,Communication Services
META,0.0010721762380915545,0.0009863180861744297,Communication Services
META,0.0010692683918567536,0.0009800201091796927,Communication Services
META,0.0011303329119538574,0.0009731385852579278,Communication Services
META,0.0012236282433018553,0.0009554559008956881,Communication Services
META,-0.00037168427181114017,0.0010400119890885482,Communication Services
META,-0.00011340933855877311,0.0009853528723112574,Communication Services
META,0.00013774593284782144,0.0005772588949124649,Communication Services
META,0.0012542270759620666,0.000599769804740876,Communication Services
META,0.00038932139005828925,0.0005999925473191619,Communication Services
META,0.005729029185503581,0.0016282422254861285,Communication Services
META,0.005183087603659431,0.0020264387715513924,Communication Services
META,0.0029934655650954156,0.002061459505053106,Communication Services
META,0.0019968300597057453,0.002051544503596066,Communication Services
META,0.000709095516210595,0.0020727564668570216,Communication Services
META,0.00047320606332440507,0.0019987889963031316,Communication Services
META,0.0008734311695995645,0.0019210165161345255,Communication Services
META,0.0011209106127695878,0.0018483080364993239,Communication Services
META,0.0014340315124989345,0.0018411233146980075,Communication Services
META,0.001065621008478762,0.00178908723286918,Communication Services
META,0.0013377514331009976,0.001341619285065527,Communication Services
META,0.001241809904508645,0.000683508459658425,Communication Services
META,0.0007594401066894074,0.00041317222705142064,Communication Services
META,0.0021945182704902477,0.00045786367287219007,Communication Services
META,0.0011502455232755004,0.0004368222021796007,Communication Services
META,-0.0016553595196054927,0.0009450564670270647,Communication Services
META,0.0022586198638665234,0.0010217563309199496,Communication Services
META,-0.0001412129762734804,0.0010861588239674607,Communication Services
META,0.003517319908248079,0.0013288956580110726,Communication Services
META,0.0009842903724053553,0.001329775771772826,Communication Services
META,0.002744869044110504,0.0014125121746030864,Communication Services
META,0.0017522012601976222,0.0014184988189357244,Communication Services
META,0.002348429612030467,0.001431655186288933,Communication Services
META,0.002000983715690574,0.0014236294123668562,Communication Services
META,0.0021902166323271854,0.0014325279462625775,Communication Services
META,0.0022777368214377536,0.0009400063053738736,Communication Services
META,0.0028560571534878565,0.0009733615159844338,Communication Services
META,0.0018449260622437624,0.0006563704451264619,Communication Services
META,0.0021763398599289885,0.0005032188851714703,Communication Services
META,-0.00044067623610047346,0.0008711854263247778,Communication Services
META,0.0014355692400365438,0.0008436103904693182,Communication Services
META,0.0012087004867388507,0.0008650212712519057,Communication Services
META,0.0014376660660483376,0.0008492144517193483,Communication Services
META,0.001548740820905975,0.0008439406858578501,Communication Services
META,0.001276224362021322,0.0008302495653248733,Communication Services
META,0.0017297148206142365,0.0007986927106976056,Communication Services
META,0.0007030616014095936,0.0006887182377406924,Communication Services
META,0.002536360515693531,0.0007705964493908997,Communication Services
META,5.199098027450222e-05,0.0008084770572003542,Communication Services
META,0.0008517556727773434,0.0006269993183948213,Communication Services
META,0.0013377296580783515,0.0006252247232283823,Communication Services
META,0.0009307503282100227,0.0006333768978183813,Communication Services
META,0.002155850713407681,0.000689871066154194,Communication Services
META,0.001913825246003753,0.0007107658185020212,Communication Services
META,6.492830773802138e-05,0.0008091994590945445,Communication Services
META,0.001419205263224671,0.0007951721394984062,Communication Services
META,5.982096593748487e-06,0.0008630359580190277,Communication Services
META,0.0014621082134752827,0.0007388207481903385,Communication Services
META,0.0013254949766235147,0.000667395043842821,Communication Services
META,0.0014759451043320493,0.0006660729446593076,Communication Services
META,0.001745864629053212,0.000684936348289621,Communication Services
META,0.0018793934672912127,0.0006996863565977993,Communication Services
META,0.0023942101312243447,0.0007302984533770974,Communication Services
META,0.0016456081616762486,0.0007145403125427948,Communication Services
META,0.0005493682504910669,0.0006387241505268289,Communication Services
META,0.002729252962082318,0.000754981800377782,Communication Services
META,0.0006579742057671312,0.0006408259644140298,Communication Services
META,0.001973021855991741,0.0006491825035874486,Communication Services
META,-0.0005766377131939115,0.0009304868799481503,Communication Services
META,0.0005645575825662663,0.0009671396858449766,Communication Services
META,0.0023438338385083912,0.0010070423875332471,Communication Services
META,0.0004589408360861358,0.0010315507464219423,Communication Services
META,0.003156265871413516,0.0011345012459893656,Communication Services
META,0.003749988084831929,0.0013453522934587139,Communication Services
META,0.003082269079613398,0.0013693345026180904,Communication Services
META,0.00035340817673662484,0.001395768354434287,Communication Services
META,0.0008323469922503768,0.0013852355226921878,Communication Services
META,-0.00021184557147682637,0.00147742865553286,Communication Services
META,0.001770715440052334,0.0013275232754008438,Communication Services
META,0.00022336186420285342,0.0013579906945304077,Communication Services
META,0.0020146268710085347,0.0013428822423373742,Communication Services
META,-1.588462106294486e-07,0.0013863048726426555,Communication Services
META,0.0023795052329817212,0.0013108730095982423,Communication Services
META,0.0015285600900201146,0.001061639199414284,Communication Services
META,0.0005902335336460118,0.0008640063683058896,Communication Services
META,0.0009614807098104194,0.0008411091157784145,Communication Services
META,-0.00011494276286441729,0.0009064617114791677,Communication Services
META,-0.000526853701659058,0.0009494963547161294,Communication Services
META,0.003157383071840991,0.0011492993953506117,Communication Services
META,0.010654666335260382,0.003073960187565991,Communication Services
META,0.005689414920880931,0.0032600581830290747,Communication Services
META,0.004151698827954603,0.003187452893741384,Communication Services
META,0.003211794588810768,0.003185021536382629,Communication Services
META,0.0020160726608573765,0.0031668714751393614,Communication Services
META,0.003502564099428229,0.003066104113009618,Communication Services
META,0.005483759611631611,0.0030254478757994444,Communication Services
META,0.0029823597437189653,0.0027639738675916807,Communication Services
META,0.0015999159377398375,0.0024713128035603197,Communication Services
META,0.002197021304403385,0.00252968131011853,Communication Services
META,0.0006490786414756478,0.0015461561076201573,Communication Services
META,0.002744985658884952,0.0012940177271128386,Communication Services
META,0.001503780897796625,0.0012720984475181319,Communication Services
META,0.0026834702719488734,0.001256010523140207,Communication Services
META,0.0015640106764364947,0.0012817916828052817,Communication Services
META,0.0010955827941287466,0.0012951805410356895,Communication Services
META,0.000205685567601116,0.0008783692919754606,Communication Services
META,0.00028846231108115017,0.0008636732965216455,Communication Services
META,0.0027033617219495154,0.0009422810858008775,Communication Services
META,-0.0009715533863468295,0.0011789985180136904,Communication Services
META,0.0018389209793745476,0.0011727066583333778,Communication Services
META,-0.0005262233441871433,0.001198293865121984,Communication Services
META,0.0012817760949730417,0.001191506287713089,Communication Services
META,0.000599985793019453,0.0010562598212699168,Communication Services
META,0.0026936081436811643,0.0011837741720804806,Communication Services
META,0.0012025508635657711,0.001185785344801769,Communication Services
META,0.0016667394359429766,0.001177315220294187,Communication Services
META,0.00202267994812258,0.0011760031097099968,Communication Services
META,0.0035542449047931413,0.0013020253934862861,Communication Services
META,-0.000555396080500703,0.0012323851626139986,Communication Services
META,0.004650817193541351,0.001577864574876384,Communication Services
META,-0.0013428082969432764,0.0017048655350240499,Communication Services
META,0.0031465698348364657,0.00176331352820017,Communication Services
META,0.002023112998527088,0.0017205439352546432,Communication Services
META,0.0024385628386781044,0.0017105441881233756,Communication Services
META,0.0011560918278662458,0.0017124418176147538,Communication Services
META,0.0025315774938494684,0.0017215011141603705,Communication Services
META,0.0018764234478359232,0.0017215493763414772,Communication Services
META,0.0006565625065841907,0.0016698798901654615,Communication Services
META,-0.000211249050481227,0.0016268992092325892,Communication Services
META,0.002110070834972,0.001313222438542464,Communication Services
META,0.0008569276987489272,0.000967689827813637,Communication Services
META,-0.00016134597608902235,0.0009678461448996706,Communication Services
META,0.001270856952151872,0.0009396948788272193,Communication Services
META,0.00017643746139006655,0.0008983024632185845,Communication Services
META,0.0032548527006645844,0.001121555444560061,Communication Services
META,-0.0001278857944318479,0.0010979001610888798,Communication Services
META,0.0021709874380598515,0.0011254261837277022,Communication Services
META,0.005485148454052791,0.0017417399211179573,Communication Services
META,0.008977424072903667,0.0027422413349197958,Communication Services
META,0.0010634325381542464,0.002771182136277196,Communication Services
META,0.0037080285729378937,0.00275500679747425,Communication Services
META,0.0029713286070893463,0.0025989648335772195,Communication Services
META,0.002435312662914829,0.0025491943013882003,Communication Services
META,0.0012828099654744463,0.002445655019133144,Communication Services
META,0.0013579604847001603,0.0025009437478258896,Communication Services
META,0.002123539261096097,0.0023093064990258533,Communication Services
META,0.001302669679884294,0.0023605280083914813,Communication Services
META,0.0015070019945932212,0.002252875286232375,Communication Services
META,0.001104962977733992,0.0008525906692764503,Communication Services
META,0.001303678426363114,0.0008322235139686015,Communication Services
META,0.0031413225193504535,0.0007194988351752865,Communication Services
META,0.002726425484953887,0.000684326670502531,Communication Services
META,0.0017644840224120828,0.0006537581316623415,Communication Services
META,0.0018950715301593868,0.000634446649242485,Communication Services
META,0.0022797053937609335,0.0006271454215485711,Communication Services
META,0.0006878250716935985,0.0007203560913354491,Communication Services
META,0.0020392219249554533,0.0007061886556514943,Communication Services
META,0.00017234531692356114,0.0008655832780363933,Communication Services
META,-0.00010616739483682025,0.0010139870989552022,Communication Services
META,0.0010949175084743468,0.001021794021961726,Communication Services
META,-0.0009029423581646268,0.0011156831995574876,Communication Services
META,0.0006961125197814666,0.0009908298967410735,Communication Services
META,1.286151743365438e-05,0.0009883169976806407,Communication Services
META,0.0018213931457958243,0.0009802700258322618,Communication Services
META,0.0017470699000460832,0.0009092044605427894,Communication Services
META,0.0047714431714938055,0.0015152865450610504,Communication Services
META,0.003125185514469747,0.0016120494989021782,Communication Services
META,0.002608177422646546,0.0016158599897348371,Communication Services
META,0.0003796099316287216,0.0015739999008850534,Communication Services
META,0.005696252318412365,0.0019944010103530095,Communication Services
META,-0.00043858209118766145,0.0019307657349443086,Communication Services
META,0.0036099955686662855,0.0019255380173917194,Communication Services
META,0.0018404874693647155,0.001777673361220994,Communication Services
META,0.0032643726560987185,0.0017739868044423476,Communication Services
META,0.0017773885211966045,0.0017724485106701377,Communication Services
META,0.0015393961096173414,0.0016489656384730744,Communication Services
META,0.001524489945193025,0.0016426784684716862,Communication Services
META,0.0017076618437217583,0.0016414288313129958,Communication Services
META,0.0015015559038739357,0.0015568430064738133,Communication Services
META,0.0015280690320775003,0.0010366834657525748,Communication Services
META,0.0010324638358841232,0.0007843021957451246,Communication Services
NFLX,0.005086076637889236,0.0011429878383701526,Communication Services
NFLX,0.001773473012598864,0.0011445689900753764,Communication Services
NFLX,-0.0006509289216297398,0.00132558354092905,Communication Services
NFLX,0.0023489892994904282,0.0013407035738348886,Communication Services
NFLX,0.0008900433394966323,0.0013643218987739012,Communication Services
NFLX,9.569363955083676e-05,0.0014449510533239736,Communication Services
NFLX,0.004796095610997003,0.0017479336295407532,Communication Services
NFLX,0.0018681263180920227,0.0017442883006267582,Communication Services
NFLX,0.0014255045736704663,0.0017466087476124235,Communication Services
NFLX,-0.000605740377403241,0.0018882420947812343,Communication Services
NFLX,0.00220544826424221,0.0015372212063345958,Communication Services
NFLX,0.0007158116712334683,0.0015452601719220852,Communication Services
NFLX,0.00117513978946443,0.0014043426871897687,Communication Services
NFLX,0.0005768236916164626,0.001396750204188672,Communication Services
NFLX,3.383468455731009e-05,0.001445523799705789,Communication Services
NFLX,-0.0007019088226955517,0.001525623766991413,Communication Services
NFLX,0.0006581131880694369,0.0009220594807506697,Communication Services
NFLX,-5.859739984492851e-05,0.0008646951085378342,Communication Services
NFLX,-0.00010457356100229687,0.0008295598145540223,Communication Services
NFLX,0.0008146132306436626,0.0007661825237868755,Communication Services
NFLX,-0.0005619627069936295,0.0005914300234355405,Communication Services
NFLX,-0.0008439538312008665,0.000651852421360348,Communication Services
NFLX,-0.0003817937702877694,0.0005548898736043739,Communication Services
NFLX,0.0019394501975503187,0.0008048149766553352,Communication Services
NFLX,0.002861863167634676,0.0011583592934142424,Communication Services
NFLX,0.004965958179324492,0.0017397874355111929,Communication Services
NFLX,-0.0005414772369353449,0.0017948095499859386,Communication Services
NFLX,0.0021728080152467466,0.0018117106464892346,Communication Services
NFLX,0.0005179075231389885,0.0017820376544865123,Communication Services
NFLX,0.003159284509402005,0.001881291483357642,Communication Services
NFLX,0.0017652440228392297,0.0017738784622747827,Communication Services
NFLX,0.0016350614157355225,0.001583381044146813,Communication Services
NFLX,-0.0003021166778300055,0.0015724976353215824,Communication Services
NFLX,0.0015791783085999378,0.001573415414138806,Communication Services
NFLX,-0.0013285921930618616,0.001774958529314001,Communication Services
NFLX,0.005607248131584974,0.001910414930769614,Communication Services
NFLX,0.00038262013391562877,0.001833801821169869,Communication Services
NFLX,0.003025249434053634,0.001881413811820168,Communication Services
NFLX,0.0011156789236036468,0.0018552675597913247,Communication Services
NFLX,0.0002833451390520103,0.00182380778946433,Communication Services
NFLX,0.0006535058547764427,0.0018305815398913024,Communication Services
NFLX,-0.00037116310861570745,0.0018880770953414922,Communication Services
NFLX,0.0005807305320003064,0.0018421945919392423,Communication Services
NFLX,-0.0007004010306447261,0.0019149314841808997,Communication Services
NFLX,0.0001161079541488752,0.001789889728365822,Communication Services
NFLX,0.0016181999687437942,0.0010076734364518763,Communication Services
NFLX,0.0027134840600174237,0.0011705639212193553,Communication Services
NFLX,0.0009009570298387226,0.0009353615072090279,Communication Services
NFLX,-0.00031755349281029077,0.0009685324767757312,Communication Services
NFLX,0.0009953521656620168,0.000972642526102391,Communication Services
NFLX,-0.0002932110677388855,0.0010100246640690706,Communication Services
NFLX,0.0010475953497367518,0.0009732592424277658,Communication Services
NFLX,0.0011098233900299903,0.0009815251620305416,Communication Services
NFLX,0.0011280482909394873,0.0008632546200032324,Communication Services
NFLX,0.0004640633182589893,0.0008375096167143304,Communication Services
NFLX,0.0009490350536416614,0.0008065434338352683,Communication Services
NFLX,0.000939042692758657,0.0005287474328421455,Communication Services
NFLX,0.0007721683805035628,0.0005250642781451838,Communication Services
NFLX,0.0002031856111972541,0.00044301625245946,Communication Services
NFLX,0.0007132459282067904,0.00043421154684663215,Communication Services
NFLX,0.0011697370155294706,0.0002993167284274838,Communication Services
NFLX,0.001999150233206348,0.0004569062716716494,Communication Services
NFLX,0.0018637947475787509,0.0005336834424086843,Communication Services
NFLX,0.0015679432302125595,0.0005583249341205523,Communication Services
NFLX,0.0026522469559318307,0.0006928534494512724,Communication Services
NFLX,-0.0007395803444157634,0.0009216541360873788,Communication Services
NFLX,0.0011145185931276946,0.0009198229015073753,Communication Services
NFLX,-0.001707113492269402,0.0012560001798648354,Communication Services
NFLX,-0.0002848660231118405,0.0012905039456058654,Communication Services
NFLX,-1.0261086368146266e-05,0.0013153389967757497,Communication Services
NFLX,-0.0007425593381208961,0.0013796759978692264,Communication Services
NFLX,0.0003342848767212414,0.001295198512418266,Communication Services
NFLX,0.0004824345182783407,0.0012025826563821565,Communication Services
NFLX,-0.00028122755720549897,0.0011281451843327282,Communication Services
NFLX,1.1763422817223645e-06,0.0007364465688999897,Communication Services
NFLX,-3.59571939311798e-05,0.0007131841450388752,Communication Services
NFLX,-0.0010432399557352423,0.000630829132350421,Communication Services
NFLX,-0.0005797968616957916,0.0004489398288153165,Communication Services
NFLX,-0.0006283313214821284,0.00046571950827836473,Communication Services
NFLX,0.002037911389821595,0.000832342109427299,Communication Services
NFLX,-0.0013734362119714183,0.0009036380732475141,Communication Services
NFLX,0.002583945584091696,0.0012129821486379822,Communication Services
NFLX,0.00014527422379820298,0.0012070089695114725,Communication Services
NFLX,-0.0007055574246176421,0.0012263584141807787,Communication Services
NFLX,0.002163295115188757,0.0013812345494571994,Communication Services
NFLX,0.0008119908070820803,0.0013867003078039343,Communication Services
NFLX,0.0012280016013995754,0.0013260181584209797,Communication Services
NFLX,-0.0010179174303061034,0.0013697456679789047,Communication Services
NFLX,0.004397133595935798,0.001729294534408891,Communication Services
NFLX,0.0005570421276357984,0.00169954131975454,Communication Services
NFLX,8.57093827530131e-05,0.0015565154687234432,Communication Services
NFLX,-3.6462183599650366e-06,0.0014894657581776783,Communication Services
NFLX,0.0003364195928310665,0.0014825861508272946,Communication Services
NFLX,0.0017242558673971065,0.0014159610497750273,Communication Services
NFLX,0.0009050877427450588,0.0013644755640995067,Communication Services
NFLX,-8.185903410762307e-05,0.0013963754759407853,Communication Services
NFLX,-0.0006815081330489581,0.0014558652741536529,Communication Services
NFLX,0.0011603197630297435,0.0013535550100632649,Communication Services
NFLX,-0.00044114752493570886,0.0007047938201854298,Communication Services
NFLX,-0.00011875343304512676,0.0007146143889826368,Communication Services
NFLX,0.0010097065143858108,0.0007416466494221523,Communication Services
NFLX,0.0028780294537723294,0.0010372002572258628,Communication Services
NFLX,0.00045712052679566795,0.0010339563216910054,Communication Services
NFLX,-0.0006387502495638075,0.0010385675930049694,Communication Services
NFLX,0.0005623045777932434,0.0010284179977790332,Communication Services
NFLX,-0.0005983911900416805,0.001064201438865151,Communication Services
NFLX,3.5841127173641407e-06,0.0010159784314752016,Communication Services
NFLX,-0.002506180666050184,0.0013056239839383428,Communication Services
NFLX,0.0021671009764826776,0.0014335635884251251,Communication Services
NFLX,0.002680758165890612,0.0015855334633994916,Communication Services
NFLX,0.0031890175155655787,0.0017661459542348133,Communication Services
NFLX,0.001580879348342945,0.0016542824712533692,Communication Services
NFLX,-0.0003881882411188031,0.0016853152529699336,Communication Services
NFLX,0.0015429130134053393,0.001651022241232757,Communication Services
NFLX,0.00043780196692949636,0.0016534117546609306,Communication Services
NFLX,0.0017902934562049055,0.0016043718964413249,Communication Services
NFLX,-0.0003530109559430339,0.001630971650902034,Communication Services
NFLX,0.0005593604678088282,0.0011608232984184055,Communication Services
NFLX,-0.0006435767037241691,0.0012580565566010242,Communication Services
NFLX,0.0011951095825543656,0.0011374183323487731,Communication Services
NFLX,0.0002109449824988785,0.0008504269746735114,Communication Services
NFLX,0.001006653830516041,0.000799673745139166,Communication Services
NFLX,-0.00037968109569322395,0.0007986942220608125,Communication Services
NFLX,4.0780888699798457e-05,0.0007339549120932708,Communication Services
NFLX,-0.001933904831236899,0.0010102421500700134,Communication Services
NFLX,-0.002238831814894343,0.0010766984970341544,Communication Services
NFLX,0.005404909600572744,0.0020071487046715198,Communication Services
NFLX,-0.0010575054929504446,0.002046272215766633,Communication Services
NFLX,0.003568703313198557,0.00225980895493345,Communication Services
NFLX,-0.0021560732679763717,0.002388798308288222,Communication Services
NFLX,0.004343498327249562,0.0026858719570839406,Communication Services
NFLX,0.0029763733337491993,0.0027748349533229296,Communication Services
NFLX,0.0057825744043900895,0.003097317991408055,Communication Services
NFLX,0.004379589996448829,0.0031693504014115225,Communication Services
NFLX,0.00817872837963235,0.0033882836280946732,Communication Services
NFLX,0.0048187100802271066,0.002946875939030073,Communication Services
NFLX,0.007170153093523007,0.0030973037590864044,Communication Services
NFLX,0.005057229391346535,0.0026490255183659137,Communication Services
NFLX,0.007234702224608258,0.002758374191585455,Communication Services
NFLX,0.004968985019563554,0.001515154179563438,Communication Services
NFLX,0.00701888474561857,0.0015250748545710235,Communication Services
NFLX,-0.00018703736777317403,0.0022331052598577586,Communication Services
NFLX,0.006765338614396266,0.0022672835579925356,Communication Services
NFLX,-0.0016473670600182233,0.0031319544947007263,Communication Services
NFLX,0.0028481408600839475,0.002985184760564898,Communication Services
NFLX,0.0017804836283463188,0.0030806777693218445,Communication Services
NFLX,0.004836688447516113,0.0029237400539250005,Communication Services
NFLX,0.0006159797620690077,0.0030441410671758,Communication Services
NFLX,0.006124834270842983,0.002920901701231749,Communication Services
NFLX,-0.0006888007987281286,0.0030883976547822385,Communication Services
NFLX,0.006602227547460038,0.0030327905084044596,Communication Services
NFLX,0.007503611519107889,0.0031737299280704522,Communication Services
NFLX,0.0036219956616649063,0.0029820674636491964,Communication Services
NFLX,0.0012973617525263714,0.0026157229077325844,Communication Services
NFLX,0.0002786010835699182,0.002783472637290824,Communication Services
NFLX,0.0002787174604376996,0.002894173791061538,Communication Services
NFLX,-0.000827725677967045,0.003039173461919569,Communication Services
NFLX,6.026225013749942e-06,0.0030818071586034544,Communication Services
NFLX,0.0012689625619028144,0.002832197639724782,Communication Services
NFLX,0.0005325497427683401,0.002741331885235118,Communication Services
NFLX,0.0008127363451186365,0.0022951557519745474,Communication Services
NFLX,0.0009720252029126186,0.0011113008601400735,Communication Services
NFLX,0.0006160678067081427,0.0006051068965090893,Communication Services
NFLX,0.0011529787244010659,0.0005879498006964242,Communication Services
NFLX,0.0017019763223942996,0.0006800067186718636,Communication Services
NFLX,-0.0006811456757177814,0.000785417326608424,Communication Services
NFLX,0.0004191718662327204,0.0006417738908671941,Communication Services
NFLX,0.000339597913799089,0.0006139342951806731,Communication Services
NFLX,-0.0002122668611905243,0.0006401742959266253,Communication Services
NFLX,0.0007597860769164022,0.0006426343042191673,Communication Services
NFLX,0.0022726012314173427,0.0008187656536160429,Communication Services
NFLX,0.00265311839014587,0.0010023600866770443,Communication Services
NFLX,0.0017302434859841065,0.001026008212477305,Communication Services
NFLX,0.0020024228194427396,0.0010683214258486718,Communication Services
NFLX,0.0017959598339231664,0.0010739869852301322,Communication Services
NFLX,0.001820987750826869,0.0009064203350228018,Communication Services
NFLX,0.0017612646079833705,0.0008553739248348813,Communication Services
NFLX,0.0012526437818775327,0.0007721309882028713,Communication Services
NFLX,0.0017727346365059016,0.0004876649975795761,Communication Services
NFLX,0.0008920155288376086,0.0004608174775643701,Communication Services
NFLX,0.0007796624399240837,0.0005200615597929579,Communication Services
NFLX,-0.002006017924448128,0.0011339230167629207,Communication Services
NFLX,-0.0011445373498405464,0.0013089379572557142,Communication Services
NFLX,-0.0005335326987106204,0.0013150210164376583,Communication Services
NFLX,-0.0037216222397979115,0.0017867905479569154,Communication Services
NFLX,0.0035727208327236692,0.0020189507971570494,Communication Services
NFLX,-0.00035771197389794507,0.0019608958441815483,Communication Services
NFLX,0.0023827404560656795,0.002057116984444239,Communication Services
NFLX,0.0009704615275119288,0.0020078526436832444,Communication Services
NFLX,0.0025502150854312122,0.002132393448038987,Communication Services
NFLX,-0.0014194140630746643,0.0021792309018424426,Communication Services
NFLX,0.002642884701428344,0.0021912843069944693,Communication Services
NFLX,0.001462228350136957,0.002135164131474627,Communication Services
NFLX,0.0009237729618417068,0.002091538971976477,Communication Services
NFLX,-0.0008930246995543512,0.001574714307525766,Communication Services
NFLX,0.001121425728646569,0.0013598449024374187,Communication Services
NFLX,-0.00016306217448325278,0.0013424351690449064,Communication Services
NFLX,0.00023565052321078417,0.0012669437528784262,Communication Services
NFLX,0.0008398117560067253,0.0012652043825899884,Communication Services
NFLX,-0.00024597025733918976,0.00113424706473707,Communication Services
